alpha,alpha_minus_half,cond_raw_mp80,cond_raw_float64,cond_dd_mp80,dd_naive_float64_col_err,dd_stable_float64_col_err
0,-0.5,1126.62588943,1.126626e+03,52.5878625314,3.455e-15,3.747e-16
0.0050000000000000001,-0.495,1060.30166435,1.060302e+03,52.8408999168,2.887e-15,3.069e-16
0.01,-0.48999999999999999,1001.91982157,1.001920e+03,53.0729775646,2.714e-15,3.770e-16
0.014999999999999999,-0.48499999999999999,950.291226713,9.502912e+02,53.2825428805,2.885e-15,2.522e-16
0.02,-0.47999999999999998,904.45059821,9.044506e+02,53.4680946348,2.709e-15,3.796e-16
0.025000000000000001,-0.47499999999999998,863.607184854,8.636072e+02,53.6282021887,2.583e-15,4.056e-16
0.029999999999999999,-0.46999999999999997,827.107878845,8.271079e+02,53.7615250217,2.484e-15,2.551e-16
0.035000000000000003,-0.46499999999999997,794.409271388,7.944093e+02,53.8668321666,2.359e-15,4.058e-16
0.040000000000000001,-0.46000000000000002,765.056233041,7.650562e+02,53.9430211225,2.185e-15,3.859e-16
0.044999999999999998,-0.45500000000000002,738.665318291,7.386653e+02,53.9891357989,2.139e-15,2.585e-16
0.050000000000000003,-0.45000000000000001,714.911780723,7.149118e+02,54.0043830335,2.151e-15,3.066e-16
0.055,-0.44500000000000001,693.51932087,6.935193e+02,53.9881472373,2.078e-15,3.916e-16
0.059999999999999998,-0.44,674.25192381,6.742519e+02,53.9400027454,1.959e-15,4.125e-16
0.065000000000000002,-0.435,656.907310237,6.569073e+02,53.859723496,1.779e-15,4.150e-16
0.070000000000000007,-0.42999999999999999,641.311644437,6.413116e+02,53.7472897193,1.775e-15,2.653e-16
0.074999999999999997,-0.42499999999999999,627.31522962,6.273152e+02,53.6028913935,1.815e-15,2.669e-16
0.080000000000000002,-0.41999999999999998,614.788984946,6.147890e+02,53.4269283116,1.804e-15,4.245e-16
0.085000000000000006,-0.41499999999999998,603.621546068,6.036215e+02,53.2200067002,1.922e-15,4.285e-16
0.089999999999999997,-0.41000000000000003,593.716866546,5.937169e+02,52.9829324283,1.658e-15,4.330e-16
0.095000000000000001,-0.40500000000000003,584.992224391,5.849922e+02,52.71670095,1.642e-15,3.284e-16
0.10000000000000001,-0.40000000000000002,577.376558503,5.773766e+02,52.4224842162,1.731e-15,4.431e-16
0.105,-0.39500000000000002,570.809075539,5.708091e+02,52.1016148809,1.598e-15,4.160e-16
0.11,-0.39000000000000001,565.238079956,5.652381e+02,51.7555682002,1.788e-15,3.406e-16
0.115,-0.38500000000000001,560.619989493,5.606200e+02,51.3859420811,1.790e-15,2.813e-16
0.12,-0.38,556.918505832,5.569185e+02,50.9944357787,1.910e-15,3.499e-16
0.125,-0.375,554.103916096,5.541039e+02,50.5828277579,1.864e-15,3.551e-16
0.13,-0.37,552.152505518,5.521525e+02,50.1529532418,1.833e-15,3.606e-16
0.13500000000000001,-0.36499999999999999,551.046065366,5.510461e+02,49.7066819484,1.779e-15,3.665e-16
0.14000000000000001,-0.35999999999999999,550.771483248,5.507715e+02,49.245896488,1.771e-15,3.728e-16
0.14499999999999999,-0.35499999999999998,551.320405354,5.513204e+02,48.7724718433,1.882e-15,3.795e-16
0.14999999999999999,-0.34999999999999998,552.688962195,5.526890e+02,48.2882563008,2.062e-15,4.453e-16
0.155,-0.34499999999999997,554.87755108,5.548776e+02,47.7950541351,1.840e-15,4.490e-16
0.16,-0.33999999999999997,557.890669939,5.578907e+02,47.2946102815,1.844e-15,5.364e-16
0.16500000000000001,-0.33499999999999996,561.736798318,5.617368e+02,46.7885971634,1.856e-15,5.473e-16
0.17000000000000001,-0.32999999999999996,566.428322408,5.664283e+02,46.2786037727,1.920e-15,4.188e-16
0.17499999999999999,-0.32500000000000001,571.981501903,5.719815e+02,45.7661270441,2.031e-15,4.646e-16
0.17999999999999999,-0.32000000000000001,578.416477367,5.784165e+02,45.2525655027,1.860e-15,4.370e-16
0.185,-0.315,585.757317613,5.857573e+02,44.7392151224,2.128e-15,3.153e-16
0.19,-0.31,594.032107426,5.940321e+02,44.2272672876,2.072e-15,3.182e-16
0.19500000000000001,-0.30499999999999999,603.273076789,6.032731e+02,43.7178087227,2.320e-15,3.211e-16
0.20000000000000001,-0.29999999999999999,613.516773659,6.135168e+02,43.2118232266,2.282e-15,3.241e-16
0.20499999999999999,-0.29500000000000004,624.804283257,6.248043e+02,42.710195036,2.191e-15,3.271e-16
0.20999999999999999,-0.29000000000000004,637.181497879,6.371815e+02,42.2137136287,2.376e-15,3.350e-16
0.215,-0.28500000000000003,650.699442316,6.506994e+02,41.7230797728,2.254e-15,3.435e-16
0.22,-0.28000000000000003,665.414661287,6.654147e+02,41.2389126283,2.486e-15,3.520e-16
0.22500000000000001,-0.27500000000000002,681.389676656,6.813897e+02,40.7617577094,2.527e-15,3.609e-16
0.23000000000000001,-0.27000000000000002,698.693523849,6.986935e+02,40.2920955183,2.546e-15,3.704e-16
0.23499999999999999,-0.26500000000000001,717.40237877,7.174024e+02,39.8303506702,2.660e-15,3.800e-16
0.23999999999999999,-0.26000000000000001,737.600288628,7.376003e+02,39.3769013344,2.785e-15,3.900e-16
0.245,-0.255,759.380022637,7.593800e+02,38.9320888227,2.916e-15,4.005e-16
0.25,-0.25,782.8440615,7.828441e+02,38.4962271653,3.103e-15,5.139e-16
0.255,-0.245,808.105748057,8.081057e+02,38.0696125201,3.009e-15,4.223e-16
0.26000000000000001,-0.23999999999999999,835.290625669,8.352906e+02,37.65253227,3.301e-15,3.254e-16
0.26500000000000001,-0.23499999999999999,864.537995894,8.645380e+02,37.2452736683,3.135e-15,4.457e-16
0.27000000000000002,-0.22999999999999998,896.002733032,8.960027e+02,36.8481319027,3.612e-15,3.716e-16
0.27500000000000002,-0.22499999999999998,929.857400479,9.298574e+02,36.4614174553,3.736e-15,3.754e-16
0.28000000000000003,-0.21999999999999997,966.29472285,9.662947e+02,36.0854626462,4.382e-15,4.840e-16
0.28499999999999998,-0.21500000000000002,1005.53047889,1.005530e+03,35.7206272604,4.353e-15,3.731e-16
0.28999999999999998,-0.21000000000000002,1047.80689404,1.047807e+03,35.3673031667,4.476e-15,3.872e-16
0.29499999999999998,-0.20500000000000002,1093.3966287,1.093397e+03,35.0259178553,4.573e-15,3.944e-16
0.29999999999999999,-0.20000000000000001,1142.60747983,1.142607e+03,34.696936831,4.749e-15,4.056e-16
0.30499999999999999,-0.19500000000000001,1195.78794084,1.195788e+03,34.3808648189,5.363e-15,4.172e-16
0.31,-0.19,1253.33379947,1.253334e+03,34.0782457523,6.105e-15,4.290e-16
0.315,-0.185,1315.6959972,1.315696e+03,33.789661535,5.995e-15,4.079e-16
0.32000000000000001,-0.17999999999999999,1383.39003105,1.383390e+03,33.5157295847,5.820e-15,4.122e-16
0.32500000000000001,-0.17499999999999999,1457.00725142,1.457007e+03,33.2570991878,6.537e-15,4.166e-16
0.33000000000000002,-0.16999999999999998,1537.22850518,1.537229e+03,33.0144467131,6.602e-15,4.210e-16
0.33500000000000002,-0.16499999999999998,1624.84069778,1.624841e+03,32.7884697571,6.887e-15,4.255e-16
0.34000000000000002,-0.15999999999999998,1720.75701224,1.720757e+03,32.5798803173,8.218e-15,3.389e-16
0.34499999999999997,-0.15500000000000003,1826.04174122,1.826042e+03,32.3893971138,9.119e-15,3.486e-16
0.34999999999999998,-0.15000000000000002,1941.94097975,1.941941e+03,32.2177372099,8.966e-15,5.380e-16
0.35499999999999998,-0.14500000000000002,2069.92082087,2.069921e+03,32.0656071113,1.008e-14,3.689e-16
0.35999999999999999,-0.14000000000000001,2211.71523312,2.211715e+03,31.9336935521,9.916e-15,3.795e-16
0.36499999999999999,-0.13500000000000001,2369.38653861,2.369387e+03,31.8226542061,1.272e-14,3.904e-16
0.37,-0.13,2545.40243897,2.545402e+03,31.7331085845,1.320e-14,4.016e-16
0.375,-0.125,2742.7349848,2.742735e+03,31.6656294006,1.420e-14,4.132e-16
0.38,-0.12,2964.98894666,2.964989e+03,31.6207346863,1.387e-14,3.511e-16
0.38500000000000001,-0.11499999999999999,3216.57002356,3.216570e+03,31.5988809397,1.746e-14,4.371e-16
0.39000000000000001,-0.10999999999999999,3502.90768427,3.502908e+03,31.6004575594,1.905e-14,3.587e-16
0.39500000000000002,-0.10499999999999998,3830.7539181,3.830754e+03,31.6257827788,2.022e-14,3.468e-16
0.40000000000000002,-0.099999999999999978,4208.58896876,4.208589e+03,31.675101257,2.235e-14,3.664e-16
0.40500000000000003,-0.094999999999999973,4647.18020336,4.647180e+03,31.7485834139,2.259e-14,4.890e-16
0.40999999999999998,-0.090000000000000024,5160.3639403,5.160364e+03,31.846326514,3.183e-14,3.771e-16
0.41499999999999998,-0.08500000000000002,5766.15803316,5.766158e+03,31.9683574261,3.111e-14,3.878e-16
0.41999999999999998,-0.080000000000000016,6488.37539974,6.488375e+03,32.1146369068,3.928e-14,3.987e-16
0.42499999999999999,-0.075000000000000011,7359.01394818,7.359014e+03,32.2850651935,4.177e-14,4.099e-16
0.42501057906675443,-0.074989420933245565,7361.04180956,7.361042e+03,32.2854512892,4.057e-14,4.100e-16
0.42999999999999999,-0.070000000000000007,8421.88126757,8.421881e+03,32.4794886416,5.083e-14,4.214e-16
0.435,-0.065000000000000002,9738.2410239,9.738241e+03,32.697707114,5.814e-14,2.888e-16
0.44,-0.059999999999999998,11395.880787,1.139588e+04,32.9394818227,7.431e-14,4.453e-16
0.44376586748096508,-0.056234132519034918,12945.8984797,1.294590e+04,33.1369701402,7.713e-14,3.031e-16
0.44500000000000001,-0.054999999999999993,13524.1938555,1.352419e+04,33.2045433332,9.038e-14,3.051e-16
0.45000000000000001,-0.049999999999999989,16320.3071589,1.632031e+04,33.4925994686,1.116e-13,3.136e-16
0.45500000000000002,-0.044999999999999984,20096.5723971,2.009657e+04,33.8033428916,1.254e-13,3.222e-16
0.45783034965714176,-0.042169650342858245,22852.5068359,2.285251e+04,33.9891821488,1.381e-13,3.272e-16
0.46000000000000002,-0.03999999999999998,25371.9962343,2.537200e+04,34.1364581843,1.652e-13,3.311e-16
0.46500000000000002,-0.034999999999999976,33061.0579416,3.306106e+04,34.4916282982,1.958e-13,4.207e-16
0.46837722339831622,-0.031622776601683777,40438.2277745,4.043823e+04,34.7438472127,2.797e-13,3.465e-16
0.46999999999999997,-0.030000000000000027,44899.4197212,4.489942e+04,34.8685402886,2.764e-13,3.495e-16
0.47499999999999998,-0.025000000000000022,64518.945481,6.451895e+04,35.2668902929,4.235e-13,3.590e-16
0.47628626294338344,-0.023713737056616557,71670.5080064,7.167051e+04,35.3727980172,4.632e-13,3.615e-16
0.47999999999999998,-0.020000000000000018,100611.190405,1.006112e+05,35.686387747,7.682e-13,3.688e-16
0.48221720589961076,-0.017782794100389243,127157.61747,1.271576e+05,35.8791061862,8.232e-13,3.732e-16
0.48499999999999999,-0.015000000000000013,178533.170141,1.785332e+05,36.1267588613,1.177e-12,3.788e-16
0.48666478567836674,-0.01333521432163326,225759.536661,2.257595e+05,36.2779711353,1.497e-12,3.822e-16
0.48999999999999999,-0.010000000000000009,401008.715478,4.010087e+05,36.5877494019,2.784e-12,3.890e-16
0.49250105790667542,-0.0074989420933245787,712527.466903,7.125275e+05,36.8260052486,5.089e-12,3.942e-16
0.49437658674809654,-0.0056234132519034641,1266330.62514,1.266331e+06,37.0080023075,9.063e-12,3.982e-16
0.495,-0.0050000000000000044,1601490.40119,1.601490e+06,37.0691268345,1.169e-11,5.992e-16
0.49578303496571419,-0.0042169650342858134,2250928.47946,2.250928e+06,37.1463463196,1.622e-11,4.011e-16
0.49683772233983164,-0.0031622776601683555,4001526.73147,4.001527e+06,37.2511357544,2.940e-11,4.034e-16
0.49762862629433835,-0.0023713737056616502,7114190.43177,7.114190e+06,37.3303037755,4.884e-11,4.051e-16
0.49822172058996106,-0.001778279410038941,12648857.3262,1.264886e+07,37.390001029,9.272e-11,3.007e-16
0.49866647856783669,-0.0013335214321633093,22490349.6011,2.249035e+07,37.4349528022,1.530e-10,4.073e-16
0.499,-0.0010000000000000009,39990350.0259,3.999035e+07,37.4687659076,3.085e-10,4.080e-16
0.49925010579066753,-0.00074989420933246898,71109010.0943,7.110901e+07,37.4941806248,4.383e-10,4.086e-16
0.49943765867480966,-0.00056234132519034086,126445041.857,1.264450e+08,37.5132718364,9.232e-10,4.090e-16
0.4995783034965714,-0.00042169650342860354,224845779.867,2.248458e+08,37.5276066991,1.604e-09,4.093e-16
0.49968377223398314,-0.00031622776601686331,399826868.585,3.998269e+08,37.5383667155,2.672e-09,4.095e-16
0.49976286262943381,-0.00023713737056618722,710988245.098,7.109882e+08,37.5464414288,4.861e-09,4.097e-16
0.49982217205899609,-0.0001778279410039052,1264314925.82,1.264315e+09,37.5524998928,9.002e-09,4.098e-16
0.49986664785678364,-0.00013335214321635869,2248277450.44,2.248278e+09,37.5570449459,1.660e-08,6.148e-16
0.49990000000000001,-9.9999999999988987e-05,3998028521.92,3.998029e+09,37.5604542929,2.651e-08,4.100e-16
0.49992501057906674,-7.4989420933258e-05,7109562521.57,7.109563e+09,37.5630115263,5.373e-08,4.100e-16
0.49994376586748096,-5.6234132519039637e-05,12642722959.8,1.264272e+10,37.564929509,8.650e-08,4.101e-16
0.49995783034965713,-4.2169650342871456e-05,22482206360.6,2.248222e+10,37.5663679777,1.530e-07,3.076e-16
0.49996837722339832,-3.162277660168078e-05,39979527921.7,3.997951e+10,37.5674467808,2.936e-07,4.101e-16
0.49997628626294338,-2.3713737056618722e-05,71094615677.8,7.109466e+10,37.5682558274,4.705e-07,4.101e-16
0.49998221720589964,-1.7782794100362764e-05,126425883693.0,1.264260e+11,37.5688625595,8.342e-07,4.101e-16
0.49998666478567838,-1.3335214321619215e-05,224820269149.0,2.248193e+11,37.5693175629,1.604e-06,4.101e-16
0.49998999999999999,-1.0000000000010001e-05,399792886600.0,3.997938e+11,37.5696587777,2.709e-06,4.102e-16
0.49999250105790666,-7.4989420933424533e-06,710942966497.0,7.109555e+11,37.5699146585,4.935e-06,4.102e-16
0.49999437658674811,-5.6234132518873103e-06,1.26425458298e+12,1.264238e+12,37.5701065454,8.661e-06,4.102e-16
0.49999578303496572,-4.2169650342760434e-06,2.24819701908e+12,2.248187e+12,37.570250442,1.675e-05,4.102e-16
0.49999683772233983,-3.1622776601736291e-06,3.99792130206e+12,3.997896e+12,37.5703583504,2.745e-05,4.102e-16
0.49999762862629432,-2.3713737056785256e-06,7.10941957876e+12,7.108946e+12,37.5704392708,4.434e-05,4.102e-16
0.49999822172058994,-1.7782794100584809e-06,1.26425323793e+13,1.264378e+13,37.5704999528,9.403e-05,4.102e-16
0.49999866647856783,-1.3335214321674727e-06,2.24819522548e+13,2.248794e+13,37.5705454582,1.613e-04,4.102e-16
0.49999900000000003,-9.9999999997324451e-07,3.99791891079e+13,3.990873e+13,37.5705795824,2.982e-04,3.018e-16
0.49999925010579066,-7.4989420933979645e-07,7.10941638721e+13,7.110515e+13,37.5706051721,5.308e-04,5.127e-16
0.49999943765867483,-5.6234132517207769e-07,1.26425281256e+14,1.262642e+14,37.5706243617,9.686e-04,4.102e-16
0.49999957830349656,-4.2169650343870657e-07,2.24819465866e+14,2.262957e+14,37.5706387518,1.477e-03,4.102e-16
0.49999968377223397,-3.1622776602846514e-07,3.99791815394e+14,4.011308e+14,37.5706495429,3.001e-03,4.102e-16
0.49999976286262943,-2.3713737057340367e-07,7.10941538071e+14,7.055123e+14,37.5706576351,4.830e-03,4.102e-16
0.49999982217205902,-1.7782794098364363e-07,1.26425267807e+15,1.246236e+15,37.5706637034,8.607e-03,4.102e-16
0.49999986664785678,-1.3335214321674727e-07,2.24819447838e+15,2.264855e+15,37.570668254,1.610e-02,4.102e-16
0.4999999,-1.0000000000287557e-07,3.99791791138e+15,3.984034e+15,37.5706716665,3.083e-02,4.527e-16
0.49999992501057905,-7.498942095063299e-08,7.10941505745e+15,7.007883e+15,37.5706742254,4.946e-02,4.102e-16
0.49999994376586748,-5.6234132517207769e-08,1.26425263676e+16,1.197975e+16,37.5706761444,9.449e-02,4.102e-16
0.49999995783034967,-4.2169650327217312e-08,2.24819442263e+16,1.453386e+16,37.5706775834,1.602e-01,4.102e-16
0.49999996837722338,-3.1622776619499859e-08,3.99791784818e+16,1.783077e+16,37.5706786625,2.544e-01,4.102e-16
0.49999997628626297,-2.3713737029584792e-08,7.10941497622e+16,1.135361e+16,37.5706794718,5.037e-01,4.102e-16
0.49999998221720587,-1.7782794126119938e-08,1.26425262267e+17,7.190582e+15,37.5706800786,7.913e-01,4.102e-16
0.49999998666478568,-1.3335214321674727e-08,2.24819439753e+17,1.138190e+16,37.5706805337,1.586e+00,4.102e-16
0.49999999000000001,-9.9999999947364415e-09,3.99791781926e+17,2.082017e+16,37.5706808749,2.804e+00,4.527e-16
0.5,0,inf,inf,37.5706818981,nan,4.102e-16
0.50000001000000005,1.0000000050247593e-08,3.99791781311e+17,1.139988e+16,37.5706829212,2.869e+00,4.102e-16
0.50000001333521427,1.3335214266163575e-08,2.2481944508e+17,1.917219e+16,37.5706832625,1.650e+00,4.102e-16
0.50000001778279413,1.7782794126119938e-08,1.26425260887e+17,2.169146e+16,37.5706837175,9.647e-01,4.102e-16
0.50000002371373709,2.3713737085095943e-08,7.10941486385e+16,1.957130e+16,37.5706843244,4.777e-01,4.102e-16
0.50000003162277662,3.1622776619499859e-08,3.99791776366e+16,1.731466e+16,37.5706851336,2.709e-01,4.102e-16
0.50000004216965033,4.2169650327217312e-08,2.24819436517e+16,1.149297e+16,37.5706862127,1.521e-01,4.102e-16
0.50000005623413257,5.623413257271892e-08,1.26425259581e+16,1.130553e+16,37.5706876517,9.535e-02,4.102e-16
0.5000000749894209,7.4989420895121839e-08,7.10941476724e+15,7.071298e+15,37.5706895707,4.808e-02,4.102e-16
0.50000009999999995,9.9999999947364415e-08,3.99791769216e+15,4.269625e+15,37.5706921297,2.787e-02,4.527e-16
0.50000013335214322,1.3335214321674727e-07,2.24819431621e+15,2.362059e+15,37.5706955421,1.720e-02,4.102e-16
0.50000017782794104,1.7782794103915478e-07,1.26425255285e+15,1.297428e+15,37.5707000927,9.275e-03,4.102e-16
0.50000023713737052,2.3713737051789252e-07,7.10941445499e+14,7.139601e+14,37.570706161,5.079e-03,4.102e-16
0.50000031622776597,3.1622776597295399e-07,3.9979174567e+14,3.983256e+14,37.5707142533,3.132e-03,4.102e-16
0.50000042169650338,4.2169650338319542e-07,2.2481941341e+14,2.244469e+14,37.5707250445,1.641e-03,4.102e-16
0.50000056234132517,5.6234132517207769e-07,1.26425241945e+14,1.271776e+14,37.5707394347,9.163e-04,4.102e-16
0.50000074989420928,7.498942092842853e-07,7.10941344091e+13,7.107285e+13,37.5707586245,5.102e-04,3.076e-16
0.50000100000000003,1.0000000000287557e-06,3.99791669752e+13,3.994511e+13,37.5707842145,2.437e-04,4.102e-16
0.50000133352143217,1.3335214321674727e-06,2.24819356647e+13,2.249015e+13,37.5708183394,1.736e-04,4.102e-16
0.50000177827941006,1.7782794100584809e-06,1.2642519938e+13,1.264810e+13,37.5708638458,8.821e-05,4.102e-16
0.50000237137370562,2.3713737056230144e-06,7.10941025097e+12,7.110132e+12,37.5709245299,4.706e-05,4.102e-16
0.50000316227766017,3.1622776601736291e-06,3.99791430667e+12,3.997738e+12,37.5710054538,2.525e-05,4.102e-16
0.50000421696503428,4.2169650342760434e-06,2.24819177331e+12,2.248305e+12,37.5711133683,1.571e-05,4.102e-16
0.50000562341325194,5.6234132519428215e-06,1.2642506492e+12,1.264202e+12,37.5712572761,8.926e-06,4.102e-16
0.50000749894209329,7.4989420932869422e-06,710940016620.0,7.109339e+11,37.5714491826,5.311e-06,4.102e-16
0.50000999999999995,9.9999999999544897e-06,399790674472.0,3.997880e+11,37.5717050984,2.934e-06,4.102e-16
0.50001333521432167,1.3335214321674727e-05,224818610285.0,2.248183e+11,37.5720463754,1.458e-06,4.102e-16
0.50001778279410036,1.7782794100362764e-05,126424639722.0,1.264247e+11,37.5725014895,9.006e-07,4.102e-16
0.50002371373705656,2.3713737056563211e-05,71093682832.8,7.109368e+10,37.5731084184,5.077e-07,4.102e-16
0.50003162277660174,3.1622776601736291e-05,39978828386.1,3.997886e+10,37.573917815,2.907e-07,4.102e-16
0.50004216965034287,4.2169650342871456e-05,22481681783.2,2.248169e+10,37.5749972404,1.632e-07,4.103e-16
0.50005623413251898,5.6234132518984126e-05,12642329582.2,1.264233e+10,37.5764368158,8.462e-08,4.103e-16
0.5000749894209332,7.4989420933202489e-05,7109267529.95,7.109268e+09,37.5783567665,4.797e-08,4.103e-16
0.50009999999999999,9.9999999999988987e-05,3997807309.43,3.997807e+09,37.5809174994,2.630e-08,4.104e-16
0.5001333521432163,0.00013335214321630318,2248111564.48,2.248111e+09,37.5843330698,1.621e-08,4.105e-16
0.50017782794100385,0.00017782794100384969,1264190528.91,1.264191e+09,37.5888891898,8.796e-09,4.106e-16
0.50023713737056619,0.00023713737056618722,710894960.584,7.108950e+08,37.5949673336,5.041e-09,4.107e-16
0.50031622776601681,0.0003162277660168078,399756915.08,3.997569e+08,37.6030770432,2.822e-09,4.109e-16
0.5004216965034286,0.00042169650342860354,224793322.156,2.247933e+08,37.6138992928,1.649e-09,4.111e-16
0.5005623413251904,0.00056234132519039637,126405704.147,1.264057e+08,37.6283448238,7.483e-10,4.114e-16
0.50074989420933247,0.00074989420933246898,71079511.0045,7.107951e+07,37.6476328348,4.837e-10,4.118e-16
0.501,0.0010000000000000009,39968228.8707,3.996823e+07,37.6733975171,2.898e-10,4.124e-16
0.50133352143216336,0.0013335214321633648,22473761.1303,2.247376e+07,37.7078329617,1.729e-10,4.131e-16
0.50177827941003894,0.001778279410038941,12636417.8018,1.263642e+07,37.7538914377,8.715e-11,4.544e-16
0.50237137370566165,0.0023713737056616502,7104862.20289,7.104862e+06,37.8155567496,5.229e-11,3.115e-16
0.50316227766016841,0.0031622776601684111,3994531.67793,3.994532e+06,37.8982246285,2.844e-11,4.171e-16
0.50421696503428581,0.0042169650342858134,2245683.10445,2.245683e+06,38.0092381043,1.505e-11,4.194e-16
0.505,0.0050000000000000044,1597066.62563,1.597067e+06,38.0922296806,1.224e-11,4.211e-16
0.50562341325190352,0.0056234132519035196,1262397.38249,1.262397e+06,38.1586511988,9.958e-12,4.225e-16
0.50749894209332458,0.0074989420933245787,709578.26303,7.095783e+05,38.3603353343,4.628e-12,4.267e-16
0.51000000000000001,0.010000000000000009,398797.541522,3.987975e+05,38.6336102655,3.146e-12,4.323e-16
0.5133352143216332,0.013335214321633204,224101.948199,2.241019e+05,39.0056936619,1.672e-12,3.299e-16
0.51500000000000001,0.015000000000000013,177059.852173,1.770599e+05,39.1946890195,1.267e-12,4.438e-16
0.51778279410038919,0.017782794100389188,125915.350577,1.259154e+05,39.5154533767,8.103e-13,3.377e-16
0.52000000000000002,0.020000000000000018,99507.0474231,9.950705e+04,39.775356582,7.311e-13,4.555e-16
0.5237137370566165,0.023713737056616502,70739.949648,7.073995e+04,40.2192731513,4.931e-13,4.755e-16
0.52500000000000002,0.025000000000000022,63636.5110338,6.363651e+04,40.3755286169,4.788e-13,3.506e-16
0.53000000000000003,0.030000000000000027,44164.966812,4.416497e+04,40.9951453743,3.240e-13,3.598e-16
0.53162277660168378,0.031622776601683777,39741.7814843,3.974178e+04,41.2004182336,3.270e-13,3.628e-16
0.53500000000000003,0.035000000000000031,32432.4631885,3.243246e+04,41.6341711089,2.525e-13,3.692e-16
0.54000000000000004,0.040000000000000036,24822.9388271,2.482294e+04,42.2925933917,1.933e-13,5.050e-16
0.54216965034285824,0.042169650342858245,22332.1391509,2.233214e+04,42.5843388998,1.563e-13,3.830e-16
0.54500000000000004,0.04500000000000004,19609.5112991,1.960951e+04,42.9704223473,1.566e-13,3.885e-16
0.55000000000000004,0.050000000000000044,15882.9695908,1.588297e+04,43.6676898438,1.286e-13,3.985e-16
0.55500000000000005,0.055000000000000049,13127.6597988,1.312766e+04,44.3844486556,9.956e-14,4.088e-16
0.55623413251903486,0.056234132519034863,12558.3380938,1.255834e+04,44.5643709221,9.289e-14,4.113e-16
0.56000000000000005,0.060000000000000053,11033.4654822,1.103347e+04,45.1207716185,8.647e-14,4.192e-16
0.56499999999999995,0.064999999999999947,9404.80714333,9.404807e+03,45.8767507888,7.863e-14,4.299e-16
0.56999999999999995,0.069999999999999951,8113.39660229,8.113397e+03,46.6524966186,6.278e-14,4.408e-16
0.57498942093324557,0.074989420933245565,7074.24122781,7.074241e+03,47.4464326265,6.368e-14,3.013e-16
0.57499999999999996,0.074999999999999956,7072.25639091,7.072256e+03,47.4481371545,5.882e-14,4.519e-16
0.57999999999999996,0.07999999999999996,6220.72997532,6.220730e+03,48.2638172661,5.377e-14,4.633e-16
0.58499999999999996,0.084999999999999964,5515.47347856,5.515473e+03,49.0996979075,4.787e-14,4.748e-16
0.58999999999999997,0.089999999999999969,4924.8489748,4.924849e+03,49.9559554158,4.623e-14,3.627e-16
0.59499999999999997,0.094999999999999973,4425.32694692,4.425327e+03,50.8327808473,4.063e-14,3.664e-16
0.59999999999999998,0.099999999999999978,3999.11535773,3.999115e+03,51.7303793518,3.016e-14,3.700e-16
0.60499999999999998,0.10499999999999998,3632.5596857,3.632560e+03,52.6489695856,3.190e-14,3.737e-16
0.60999999999999999,0.10999999999999999,3315.04020351,3.315040e+03,53.5887831623,2.557e-14,3.774e-16
0.61499999999999999,0.11499999999999999,3038.19743907,3.038197e+03,54.5500641401,2.565e-14,4.580e-16
0.62,0.12,2795.37877448,2.795379e+03,55.533068545,2.435e-14,3.753e-16
0.625,0.125,2581.23687148,2.581237e+03,56.5380639276,2.297e-14,3.887e-16
0.63,0.13,2391.43412581,2.391434e+03,57.5653289522,1.755e-14,3.936e-16
0.63500000000000001,0.13500000000000001,2222.42232672,2.222422e+03,58.6151530173,2.126e-14,4.030e-16
0.64000000000000001,0.14000000000000001,2071.27642333,2.071276e+03,59.6878359035,2.079e-14,4.126e-16
0.64500000000000002,0.14500000000000002,1935.56773171,1.935568e+03,60.7836874505,1.778e-14,5.281e-16
0.65000000000000002,0.15000000000000002,1813.26624131,1.813266e+03,61.9030272582,1.785e-14,4.081e-16
0.65500000000000003,0.15500000000000003,1702.66463255,1.702665e+03,63.0461844122,1.616e-14,4.426e-16
0.66000000000000003,0.16000000000000003,1602.31866235,1.602319e+03,64.2134972314,1.546e-14,3.398e-16
0.66500000000000004,0.16500000000000004,1511.00000935,1.511000e+03,65.4053130368,1.410e-14,3.477e-16
0.67000000000000004,0.17000000000000004,1427.65868968,1.427659e+03,66.6219879391,1.281e-14,3.558e-16
0.67500000000000004,0.17500000000000004,1351.39288659,1.351393e+03,67.8638866447,1.356e-14,4.282e-16
0.68000000000000005,0.18000000000000005,1281.42456883,1.281425e+03,69.1313822779,1.251e-14,3.724e-16
0.68500000000000005,0.18500000000000005,1217.0796626,1.217080e+03,70.4248562195,1.168e-14,4.364e-16
0.68999999999999995,0.18999999999999995,1157.77183079,1.157772e+03,71.7446979586,1.145e-14,3.896e-16
0.69499999999999995,0.19499999999999995,1102.98912862,1.102989e+03,73.091304959,1.075e-14,3.985e-16
0.69999999999999996,0.19999999999999996,1052.28296747,1.052283e+03,74.4650825367,1.012e-14,5.434e-16
0.70499999999999996,0.20499999999999996,1005.25894157,1.005259e+03,75.86644375,9.307e-15,5.556e-16
0.70999999999999996,0.20999999999999996,961.569166966,9.615692e+02,77.2958092996,1.089e-14,4.261e-16
0.71499999999999997,0.21499999999999997,920.905854386,9.209059e+02,78.7536074384,8.422e-15,4.356e-16
0.71999999999999997,0.21999999999999997,882.995894071,8.829959e+02,80.2402738913,8.609e-15,3.495e-16
0.72499999999999998,0.22499999999999998,847.5962746,8.475963e+02,81.7562517819,7.908e-15,4.552e-16
0.72999999999999998,0.22999999999999998,814.490192087,8.144902e+02,83.301991569,8.490e-15,4.652e-16
0.73499999999999999,0.23499999999999999,783.48373342,7.834837e+02,84.8779509886,8.424e-15,4.754e-16
0.73999999999999999,0.23999999999999999,754.403038785,7.544030e+02,86.4845950038,7.166e-15,4.858e-16
0.745,0.245,727.091865957,7.270919e+02,88.1223957602,8.129e-15,3.659e-16
0.75,0.25,701.409492658,7.014095e+02,89.7918325476,6.656e-15,4.226e-16
0.755,0.255,677.228904424,6.772289e+02,91.4933917669,7.297e-15,3.454e-16
0.76000000000000001,0.26000000000000001,654.43522444,6.544352e+02,93.2275669017,6.888e-15,5.292e-16
0.76500000000000001,0.26500000000000001,632.92434912,6.329243e+02,94.9948584953,7.253e-15,3.604e-16
0.77000000000000002,0.27000000000000002,612.601759207,6.126018e+02,96.7957741309,6.452e-15,4.601e-16
0.77500000000000002,0.27500000000000002,593.381481065,5.933815e+02,98.6308284169,6.296e-15,3.759e-16
0.78000000000000003,0.28000000000000003,575.18517687,5.751852e+02,100.500542975,5.877e-15,3.838e-16
0.78500000000000003,0.28500000000000003,557.94134576,5.579413e+02,102.405446433,6.466e-15,3.919e-16
0.79000000000000004,0.29000000000000004,541.584620732,5.415846e+02,104.346074419,6.414e-15,4.001e-16
0.79500000000000004,0.29500000000000004,526.055148417,5.260551e+02,106.322969559,6.207e-15,4.084e-16
0.80000000000000004,0.30000000000000004,511.298040746,5.112980e+02,108.33668148,5.211e-15,4.169e-16
0.80500000000000005,0.30500000000000005,497.262889153,4.972629e+02,110.387766812,5.159e-15,4.255e-16
0.81000000000000005,0.31000000000000005,483.90333329,4.839033e+02,112.476789195,5.636e-15,4.343e-16
0.81499999999999995,0.31499999999999995,471.17667739,4.711767e+02,114.604319285,5.884e-15,4.432e-16
0.81999999999999995,0.31999999999999995,459.043548344,4.590435e+02,116.770934766,4.862e-15,4.522e-16
0.82499999999999996,0.32499999999999996,447.467590406,4.474676e+02,118.977220364,5.278e-15,4.614e-16
0.82999999999999996,0.32999999999999996,436.415192096,4.364152e+02,121.223767856,5.627e-15,4.708e-16
0.83499999999999996,0.33499999999999996,425.855241499,4.258552e+02,123.511176092,5.343e-15,3.602e-16
0.83999999999999997,0.33999999999999997,415.758906615,4.157589e+02,125.840051007,4.776e-15,4.899e-16
0.84499999999999997,0.34499999999999997,406.099437896,4.060994e+02,128.211005642,4.872e-15,4.997e-16
0.84999999999999998,0.34999999999999998,396.851990425,3.968520e+02,130.624660166,3.974e-15,5.096e-16
0.85499999999999998,0.35499999999999998,387.993463558,3.879935e+02,133.081641893,4.808e-15,5.197e-16
0.85999999999999999,0.35999999999999999,379.502356077,3.795024e+02,135.582585311,3.840e-15,3.975e-16
0.86499999999999999,0.36499999999999999,371.358635183,3.713586e+02,138.128132097,3.589e-15,4.053e-16
0.87,0.37,363.543617818,3.635436e+02,140.718931153,4.063e-15,4.132e-16
0.875,0.375,356.039863035,3.560399e+02,143.355638621,3.976e-15,5.617e-16
0.88,0.38,348.831074227,3.488311e+02,146.038917917,4.438e-15,5.726e-16
0.88500000000000001,0.38500000000000001,341.902010221,3.419020e+02,148.769439755,3.411e-15,5.837e-16
0.89000000000000001,0.39000000000000001,335.238404321,3.352384e+02,151.547882177,3.793e-15,4.462e-16
0.89500000000000002,0.39500000000000002,328.826890492,3.288269e+02,154.374930583,3.579e-15,4.548e-16
0.90000000000000002,0.40000000000000002,322.654935992,3.226549e+02,157.251277757,3.601e-15,4.634e-16
0.90500000000000003,0.40500000000000003,316.710779798,3.167108e+02,160.177623902,3.739e-15,4.722e-16
0.91000000000000003,0.41000000000000003,310.983376277,3.109834e+02,163.154676668,3.689e-15,6.416e-16
0.91500000000000004,0.41500000000000004,305.462343588,3.054623e+02,166.183151185,3.514e-15,6.537e-16
0.92000000000000004,0.42000000000000004,300.137916377,3.001379e+02,169.263770094,3.080e-15,4.995e-16
0.92500000000000004,0.42500000000000004,295.000902353,2.950009e+02,172.397263583,3.906e-15,6.784e-16
0.93000000000000005,0.43000000000000005,290.042642393,2.900426e+02,175.584369415,3.801e-15,5.183e-16
0.93500000000000005,0.43500000000000005,285.254973837,2.852550e+02,178.825832966,3.091e-15,5.279e-16
0.93999999999999995,0.43999999999999995,280.630196714,2.806302e+02,182.122407256,3.674e-15,5.377e-16
0.94499999999999995,0.44499999999999995,276.161042599,2.761610e+02,185.474852985,3.434e-15,5.476e-16
0.94999999999999996,0.44999999999999996,271.840645902,2.718406e+02,188.883938568,2.788e-15,5.576e-16
0.95499999999999996,0.45499999999999996,267.662517349,2.676625e+02,192.350440168,3.218e-15,3.785e-16
0.95999999999999996,0.45999999999999996,263.62051948,2.636205e+02,195.875141734,3.132e-15,5.781e-16
0.96499999999999997,0.46499999999999997,259.708843993,2.597088e+02,199.458835033,3.581e-15,5.886e-16
0.96999999999999997,0.46999999999999997,255.921990764,2.559220e+02,203.10231969,3.577e-15,5.992e-16
0.97499999999999998,0.47499999999999998,252.254748415,2.522547e+02,206.806403222,3.609e-15,4.067e-16
0.97999999999999998,0.47999999999999998,248.702176289,2.487022e+02,210.571901073,2.846e-15,5.174e-16
0.98499999999999999,0.48499999999999999,245.259587736,2.452596e+02,214.399636653,3.107e-15,6.320e-16
0.98999999999999999,0.48999999999999999,241.922534578,2.419225e+02,218.290441374,2.807e-15,6.432e-16
0.995,0.495,238.68679268,2.386868e+02,222.245154685,2.564e-15,6.546e-16
1,0.5,235.548348522,2.355483e+02,226.264624112,3.275e-15,5.551e-16
